--
-- Encoding: UTF-8
--

BEGIN;

INSERT INTO QRTZ_JOB_DETAILS VALUES ('Informes portada','GrupoTrabaInformesPortada',NULL,'es.pode.planificador.negocio.trabajos.InformesPortada','0','0','0','0',
    E'\\254\\355\\000\\005sr\\000\\025org.quartz.JobDataMap\\237\\260\\203\\350\\277\\251\\260\\313\\002\\000\\000xr\\000&org.quartz.utils.StringKeyDirtyFlagMap\\202\\010\\350\\303\\373\\305](\\002\\000\\001Z\\000\\023allowsTransientDataxr\\000\\035org.quartz.utils.DirtyFlagMap\\023\\346.\\255(v\\012\\316\\002\\000\\002Z\\000\\005dirtyL\\000\\003mapt\\000\\017Ljava/util/Map;xp\\001sr\\000\\021java.util.HashMap\\005\\007\\332\\301\\303\\026`\\321\\003\\000\\002F\\000\\012loadFactorI\\000\\011thresholdxp?@\\000\\000\\000\\000\\000\\014w\\010\\000\\000\\000\\020\\000\\000\\000\\003t\\000\\014periodicidadt\\000\\001Dt\\000\\007usuariot\\000\\015administradort\\000\\012parametrossr\\000\\023java.util.ArrayListx\\201\\322\\035\\231\\307a\\235\\003\\000\\001I\\000\\004sizexp\\000\\000\\000\\000w\\004\\000\\000\\000\\012xx\\000');
INSERT INTO QRTZ_JOB_DETAILS VALUES ('lanzarRSS','GrupoTrabajoRSS',NULL,'es.pode.planificador.negocio.trabajos.LanzarRSS','0','0','0','0',
    E'\\254\\355\\000\\005sr\\000\\025org.quartz.JobDataMap\\237\\260\\203\\350\\277\\251\\260\\313\\002\\000\\000xr\\000&org.quartz.utils.StringKeyDirtyFlagMap\\202\\010\\350\\303\\373\\305](\\002\\000\\001Z\\000\\023allowsTransientDataxr\\000\\035org.quartz.utils.DirtyFlagMap\\023\\346.\\255(v\\012\\316\\002\\000\\002Z\\000\\005dirtyL\\000\\003mapt\\000\\017Ljava/util/Map;xp\\001sr\\000\\021java.util.HashMap\\005\\007\\332\\301\\303\\026`\\321\\003\\000\\002F\\000\\012loadFactorI\\000\\011thresholdxp?@\\000\\000\\000\\000\\000\\014w\\010\\000\\000\\000\\020\\000\\000\\000\\003t\\000\\014periodicidadt\\000\\001Dt\\000\\007usuariot\\000\\015administradort\\000\\012parametrossr\\000\\023java.util.ArrayListx\\201\\322\\035\\231\\307a\\235\\003\\000\\001I\\000\\004sizexp\\000\\000\\000\\000w\\004\\000\\000\\000\\012xx\\000');
INSERT INTO QRTZ_JOB_DETAILS VALUES ('ODE portada','GrupoTrabaODEPortada',NULL,'es.pode.planificador.negocio.trabajos.PortadaODE','0','0','0','0',
    E'\\254\\355\\000\\005sr\\000\\025org.quartz.JobDataMap\\237\\260\\203\\350\\277\\251\\260\\313\\002\\000\\000xr\\000&org.quartz.utils.StringKeyDirtyFlagMap\\202\\010\\350\\303\\373\\305](\\002\\000\\001Z\\000\\023allowsTransientDataxr\\000\\035org.quartz.utils.DirtyFlagMap\\023\\346.\\255(v\\012\\316\\002\\000\\002Z\\000\\005dirtyL\\000\\003mapt\\000\\017Ljava/util/Map;xp\\001sr\\000\\021java.util.HashMap\\005\\007\\332\\301\\303\\026`\\321\\003\\000\\002F\\000\\012loadFactorI\\000\\011thresholdxp?@\\000\\000\\000\\000\\000\\014w\\010\\000\\000\\000\\020\\000\\000\\000\\003t\\000\\014periodicidadt\\000\\001Ht\\000\\007usuariot\\000\\015administradort\\000\\012parametrossr\\000\\023java.util.ArrayListx\\201\\322\\035\\231\\307a\\235\\003\\000\\001I\\000\\004sizexp\\000\\000\\000\\000w\\004\\000\\000\\000\\012xx\\000');
INSERT INTO QRTZ_JOB_DETAILS VALUES ('Sitemaps','GrupoTrabajoSitemaps',NULL,'es.pode.planificador.negocio.trabajos.GenerarSitemaps','0','0','0','0',
    E'\\254\\355\\000\\005sr\\000\\025org.quartz.JobDataMap\\237\\260\\203\\350\\277\\251\\260\\313\\002\\000\\000xr\\000&org.quartz.utils.StringKeyDirtyFlagMap\\202\\010\\350\\303\\373\\305](\\002\\000\\001Z\\000\\023allowsTransientDataxr\\000\\035org.quartz.utils.DirtyFlagMap\\023\\346.\\255(v\\012\\316\\002\\000\\002Z\\000\\005dirtyL\\000\\003mapt\\000\\017Ljava/util/Map;xp\\001sr\\000\\021java.util.HashMap\\005\\007\\332\\301\\303\\026`\\321\\003\\000\\002F\\000\\012loadFactorI\\000\\011thresholdxp?@\\000\\000\\000\\000\\000\\014w\\010\\000\\000\\000\\020\\000\\000\\000\\003t\\000\\014periodicidadt\\000\\001Dt\\000\\007usuariot\\000\\015administradort\\000\\012parametrossr\\000\\023java.util.ArrayListx\\201\\322\\035\\231\\307a\\235\\003\\000\\001I\\000\\004sizexp\\000\\000\\000\\000w\\004\\000\\000\\000\\012xx\\000');
INSERT INTO QRTZ_JOB_DETAILS VALUES ('Informe Catalogo','GrupoTrabaInformeCatalogo',NULL,'es.pode.planificador.negocio.trabajos.InformeCatalogo','0','0','0','0',
    E'\\254\\355\\000\\005sr\\000\\025org.quartz.JobDataMap\\237\\260\\203\\350\\277\\251\\260\\313\\002\\000\\000xr\\000&org.quartz.utils.StringKeyDirtyFlagMap\\202\\010\\350\\303\\373\\305](\\002\\000\\001Z\\000\\023allowsTransientDataxr\\000\\035org.quartz.utils.DirtyFlagMap\\023\\346.\\255(v\\012\\316\\002\\000\\002Z\\000\\005dirtyL\\000\\003mapt\\000\\017Ljava/util/Map;xp\\001sr\\000\\021java.util.HashMap\\005\\007\\332\\301\\303\\026`\\321\\003\\000\\002F\\000\\012loadFactorI\\000\\011thresholdxp?@\\000\\000\\000\\000\\000\\014w\\010\\000\\000\\000\\020\\000\\000\\000\\003t\\000\\014periodicidadt\\000\\001Mt\\000\\007usuariot\\000\\015administradort\\000\\012parametrossr\\000\\023java.util.ArrayListx\\201\\322\\035\\231\\307a\\235\\003\\000\\001I\\000\\004sizexp\\000\\000\\000\\000w\\004\\000\\000\\000\\012xx\\000'); 

INSERT INTO QRTZ_TRIGGERS VALUES ('TriggerInformesPortada','GrupoTriggerInformesPortada','Informes portada','GrupoTrabaInformesPortada','0',NULL,1214013660000,1213927260000,5,'WAITING','CRON',1199156460000,7289564400000,NULL,0,'');
INSERT INTO QRTZ_TRIGGERS VALUES ('TriggerLanzarRSS','GrupoTriggerRSS','lanzarRSS','GrupoTrabajoRSS','0',NULL,1214006400000,1213946034745,5,'WAITING','CRON',1167613200000,7289564400000,NULL,0,'');
INSERT INTO QRTZ_TRIGGERS VALUES ('TriggerODEPortada','GrupoTriggerODEPortada','ODE portada','GrupoTrabaODEPortada','0',NULL,1213948800000,1213946334752,5,'WAITING','CRON',1199152800000,7289564400000,NULL,0,'');
INSERT INTO QRTZ_TRIGGERS VALUES ('TriggerSitemaps','GrupoTriggerSitemaps','Sitemaps','GrupoTrabajoSitemaps','0',NULL,1214002800000,1213947308339,5,'WAITING','CRON',1167609600000,7289564400000,NULL,0,'');
INSERT INTO QRTZ_TRIGGERS VALUES ('TriggerInformeCatalogo','GrupoTriggerInformeCatalogo','Informe Catalogo','GrupoTrabaInformeCatalogo','0',NULL,1214881200000,1213868023324,5,'WAITING','CRON', 1199160000000,7289564400000,NULL,0,''); 

INSERT INTO QRTZ_CRON_TRIGGERS VALUES ('TriggerInformesPortada','GrupoTriggerInformesPortada','0 1 4 * * ?','Europe/Paris');
INSERT INTO QRTZ_CRON_TRIGGERS VALUES ('TriggerLanzarRSS','GrupoTriggerRSS','0 0 2 * * ?','Europe/Paris');
INSERT INTO QRTZ_CRON_TRIGGERS VALUES ('TriggerODEPortada','GrupoTriggerODEPortada','0 0 * * * ?','Europe/Paris'); 
INSERT INTO QRTZ_CRON_TRIGGERS VALUES ('TriggerSitemaps','GrupoTriggerSitemaps','0 0 1 * * ?','Europe/Paris');
INSERT INTO QRTZ_CRON_TRIGGERS VALUES ('TriggerInformeCatalogo','GrupoTriggerInformeCatalogo','0 0 5 1 * ?','Europe/Paris');

COMMIT;
